INSERT INTO usuario(nome, senha, email, admin) VALUES ('joao123', 'senha123', NULL, false);
INSERT INTO usuario(nome, senha, email, admin) VALUES ('maria456', 'abcde123', NULL, false);
INSERT INTO usuario(nome, senha, email, admin) VALUES ('pedro789', 'qwerty', NULL, false);
INSERT INTO usuario(nome, senha, email, admin) VALUES ('ana321', 'senha123', NULL, false);
INSERT INTO usuario(nome, senha, email, admin) VALUES ('carlos987', 'password', NULL, false);
INSERT INTO usuario(nome, senha, email, admin) VALUES ('lucia654', '123456', NULL, false);
INSERT INTO usuario(nome, senha, email, admin) VALUES ('rodrigo123', 'abc123', NULL, false);
INSERT INTO usuario(nome, senha, email, admin) VALUES ('julia456', 'senha@123', NULL, false);
INSERT INTO usuario(nome, senha, email, admin) VALUES ('rafael789', 'p@ssw0rd', NULL, false);
INSERT INTO usuario(nome, senha, email, admin) VALUES ('camila321', '123abc!', NULL, false);
INSERT INTO usuario(nome, senha, email, admin) VALUES ('gustavo456', 'password123', 'gustavo456@email.com', false);
INSERT INTO usuario(nome, senha, email, admin) VALUES ('mariana789', 'senha1234', 'mariana789@email.com', false);
INSERT INTO usuario(nome, senha, email, admin) VALUES ('felipe123', 'abcde', 'felipe123@email.com', false);
INSERT INTO usuario(nome, senha, email, admin) VALUES ('isabella456', 'qwe123', 'isabella456@email.com', false);
INSERT INTO usuario(nome, senha, email, admin) VALUES ('ricardo789', 'senha456', 'ricardo789@email.com', false);
INSERT INTO usuario(nome, senha, email, admin) VALUES ('laura321', 'password1234', 'laura321@email.com', false);
INSERT INTO usuario(nome, senha, email, admin) VALUES ('paulo987', '123456789', 'paulo987@email.com', false);
INSERT INTO usuario(nome, senha, email, admin) VALUES ('fernanda654', 'senha!@#', 'fernanda654@email.com', false);
INSERT INTO usuario(nome, senha, email, admin) VALUES ('luiz123', 'abc123', 'luiz123@email.com', false);
INSERT INTO usuario(nome, senha, email, admin) VALUES ('gabriela456', 'qwerty123', 'gabriela456@email.com', false);
INSERT INTO usuario(nome, senha, email, admin) VALUES ('bruno123', 'senha789', 'bruno123@email.com', true);
INSERT INTO usuario(nome, senha, email, admin) VALUES ('vitoria456', 'abcde@123', 'vitoria456@email.com', true);
INSERT INTO usuario(nome, senha, email, admin) VALUES ('marcelo789', 'qwert123', 'marcelo789@email.com', true);
INSERT INTO usuario(nome, senha, email, admin) VALUES ('juliana321', 'senha456!', 'juliana321@email.com', true);
INSERT INTO usuario(nome, senha, email, admin) VALUES ('andre987', 'password456', 'andre987@email.com', true);
INSERT INTO usuario(nome, senha, email, admin) VALUES ('leticia654', '123qwe!@#', 'leticia654@email.com', true);
INSERT INTO usuario(nome, senha, email, admin) VALUES ('roberto123', 'abc@123', 'roberto123@email.com', true);
INSERT INTO usuario(nome, senha, email, admin) VALUES ('carolina456', 'qwerty!@#', 'carolina456@email.com', true);
INSERT INTO usuario(nome, senha, email, admin) VALUES ('mario789', 'p@ssw0rd123', 'mario789@email.com', true);
INSERT INTO usuario(nome, senha, email, admin) VALUES ('patricia321', '987654321', 'patricia321@email.com', true);

INSERT INTO feedback(horario, mensagem, fechamento, usuario) VALUES ('2023-06-30 09:15:00', 'Que professor pessimo, troquem de professora agora, paguei por isso af!', '2023-06-30 10:20:00', 'joao123');
INSERT INTO feedback(horario, mensagem, fechamento, usuario) VALUES ('2023-06-30 10:30:00', 'Me respondammmmm', '2023-06-30 11:40:00', 'joao123');
INSERT INTO feedback(horario, mensagem, fechamento, usuario) VALUES ('2023-06-30 11:45:00', 'Me responde logo, senao to indo atras de vc adm', '2023-06-30 13:30:00', 'maria456');
INSERT INTO feedback(horario, mensagem, fechamento, usuario) VALUES ('2023-06-30 13:00:00', 'Equipe muito prestativa.', '2023-06-30 14:00:00', 'pedro789');
INSERT INTO feedback(horario, mensagem, fechamento, usuario) VALUES ('2023-06-30 14:30:00', 'hsauhsauhsa que horrivel', '2023-06-30 15:40:00', 'gabriela456');
INSERT INTO feedback(horario, mensagem, fechamento, usuario) VALUES ('2023-06-30 15:45:00', 'Excelente qualidade dos videos!', '2023-06-30 17:30:00', 'patricia321');
INSERT INTO feedback(horario, mensagem, fechamento, usuario) VALUES ('2023-06-30 16:30:00', 'Problemas com um exercicio, a resposta esta errada.', '2023-06-30 18:20:00', 'carlos987');
INSERT INTO feedback(horario, mensagem, fechamento, usuario) VALUES ('2023-06-30 17:00:00', 'Muito satisfeito com o suporte técnico.', '2023-06-30 18:00:00', 'lucia654');
INSERT INTO feedback(horario, mensagem, fechamento, usuario) VALUES ('2023-06-30 18:30:00', 'Falta de opções de videos.', '2023-06-30 20:10:00', 'rodrigo123');
INSERT INTO feedback(horario, mensagem, fechamento, usuario) VALUES ('2023-06-30 19:45:00', 'Visitem minha pagina www.resolvendoCalvice.com.br', '2023-06-30 20:02:00', 'paulo987');
INSERT INTO feedback(horario, mensagem, fechamento, usuario) VALUES ('2023-06-30 21:00:00', 'Mensagem de teste.', NULL, 'julia456');
INSERT INTO feedback(horario, mensagem, fechamento, usuario) VALUES ('2023-06-30 22:30:00', 'Demora para responder os feedbacks.', NULL, 'rodrigo123');
INSERT INTO feedback(horario, mensagem, fechamento, usuario) VALUES ('2023-07-01 09:00:00', 'Ótima qualidade do curso!', NULL, 'rafael789');
INSERT INTO feedback(horario, mensagem, fechamento, usuario) VALUES ('2023-07-01 10:15:00', 'Problemas na interface do site.', NULL, 'camila321');
INSERT INTO feedback(horario, mensagem, fechamento, usuario) VALUES ('2023-07-01 11:30:00', 'Precisa melhorar o enunciado dos artigos.', NULL, 'ricardo789');
INSERT INTO feedback(horario, mensagem, fechamento, usuario) VALUES ('2023-07-01 13:15:00', 'Excelente atendimento nos feedbacks.', NULL, 'fernanda654');
INSERT INTO feedback(horario, mensagem, fechamento, usuario) VALUES ('2023-07-01 14:45:00', 'Sugiro oferecer mais opções de artigos.', NULL, 'laura321');
INSERT INTO feedback(horario, mensagem, fechamento, usuario) VALUES ('2023-07-01 17:00:00', 'Equipe de suporte muito atenciosa.', NULL, 'julia456');
INSERT INTO feedback(horario, mensagem, fechamento, usuario) VALUES ('2023-07-01 18:15:00', 'Falta de informações claras no site.', NULL, 'joao123');
INSERT INTO feedback(horario, mensagem, fechamento, usuario) VALUES ('2023-07-01 15:30:00', 'AAAAAAAAAAAAAAAAAAAAAAAAAAA!', '2023-07-02 10:40:00', 'luiz123');


INSERT INTO visualizacaofeedback(administrador, feedback, horario) VALUES('bruno123', 1, '2023-06-30 10:20:00');
INSERT INTO visualizacaofeedback(administrador, feedback, horario) VALUES('bruno123', 2, '2023-06-30 11:40:00');
INSERT INTO visualizacaofeedback(administrador, feedback, horario) VALUES('vitoria456', 3, '2023-06-30 13:30:00');
INSERT INTO visualizacaofeedback(administrador, feedback, horario) VALUES('vitoria456', 7, '2023-07-01 10:46:00');
INSERT INTO visualizacaofeedback(administrador, feedback, horario) VALUES('vitoria456', 8, '2023-07-01 10:47:00');
INSERT INTO visualizacaofeedback(administrador, feedback, horario) VALUES('bruno123', 4, '2023-06-30 14:00:00');
INSERT INTO visualizacaofeedback(administrador, feedback, horario) VALUES('andre987', 5, '2023-06-30 15:40:00');
INSERT INTO visualizacaofeedback(administrador, feedback, horario) VALUES('andre987', 6, '2023-06-30 17:30:00');
INSERT INTO visualizacaofeedback(administrador, feedback, horario) VALUES('carolina456', 7, '2023-06-30 18:20:00');
INSERT INTO visualizacaofeedback(administrador, feedback, horario) VALUES('carolina456', 8, '2023-06-30 18:00:00');
INSERT INTO visualizacaofeedback(administrador, feedback, horario) VALUES('mario789', 9, '2023-06-30 20:10:00');
INSERT INTO visualizacaofeedback(administrador, feedback, horario) VALUES('roberto123', 10, '2023-06-30 20:02:00');
INSERT INTO visualizacaofeedback(administrador, feedback, horario) VALUES('bruno123', 20, '2023-07-02 10:40:00');
INSERT INTO visualizacaofeedback(administrador, feedback, horario) VALUES('bruno123', 7, '2023-07-01 10:45:00');
INSERT INTO visualizacaofeedback(administrador, feedback, horario) VALUES('bruno123', 8, '2023-07-01 10:46:00');


INSERT INTO banimento(responsavel, banido, horario, validade, causa) VALUES('bruno123', 'joao123', '2023-06-30 16:20:00', '2024-07-02 16:20:00', 'Comportamento ofensivo: Uso de linguagem ou comportamento abusivo, incluindo insultos, discriminação ou assédio a outros usuários.');
INSERT INTO banimento(responsavel, banido, horario, validade, causa) VALUES('bruno123','luiz123', '2023-07-02 16:25:00', '2023-07-17 16:25:00', 'Spam: Enviar mensagens não solicitadas, anúncios ou links não autorizados repetidamente.');
INSERT INTO banimento(responsavel, banido, horario, validade, causa) VALUES('vitoria456', 'maria456', '2023-07-02 16:25:00', '2023-10-02 16:25:00', 'Ameaças: Fazer ameaças físicas ou virtuais a outros usuários.');
INSERT INTO banimento(responsavel, banido, horario, validade, causa) VALUES('andre987', 'gabriela456', '2023-07-02 16:24:00', '2023-07-17 16:24:00', 'Spam: Enviar mensagens não solicitadas, anúncios ou links não autorizados repetidamente.');
INSERT INTO banimento(responsavel, banido, horario, validade, causa) VALUES('roberto123', 'paulo987', '2023-07-02 16:32:00', '2023-09-02 16:32:00', 'Uso de bots: Utilizar programas automatizados para manipular o site ou interagir de maneira não autorizada.');


INSERT INTO categoria(nome, descricao, icone) VALUES('Introdução a tecnologia', 'O curso de Introdução às Tecnologias é projetado para proporcionar aos participantes uma visão abrangente e prática do mundo tecnológico em constante evolução. Este curso introdutório é perfeito para aqueles que desejam adquirir conhecimentos fundamentais sobre as tecnologias mais relevantes e seu impacto na sociedade atual.', 'https://i0.wp.com/blog.portaleducacao.com.br/wp-content/uploads/2022/02/365-O-que-e%CC%81-tecnologia_.jpg?fit=1200%2C675&amp;ssl=1');
INSERT INTO categoria(nome, descricao, icone) VALUES('Introdução a Redes Sociais', 'O curso de Introdução às Redes Sociais é projetado para fornecer aos participantes uma compreensão abrangente e prática das principais plataformas de redes sociais e como utilizá-las de forma eficaz. Este curso introdutório é perfeito para aqueles que desejam aprender sobre o poder das redes sociais, tanto em um contexto pessoal quanto profissional.', NULL);

INSERT INTO curso(nome, descricao, categoria) VALUES('Introdução ao Computador e Navegação na Internet', 'Aprenda os conceitos básicos sobre computadores, incluindo componentes e funcionalidades, além de explorar o uso da internet para pesquisa e entretenimento.', 1);
INSERT INTO curso(nome, descricao, categoria) VALUES('Introdução às Redes Sociais', 'Conheça as principais redes sociais, como Facebook, Twitter e Instagram, e aprenda a criar um perfil, fazer postagens, interagir com outras pessoas e manter a privacidade nas redes sociais.', 2);
INSERT INTO curso(nome, descricao, categoria) VALUES('Uso de Aplicativos de Mensagens', 'Aprenda a utilizar aplicativos populares de mensagens, como WhatsApp e Messenger, para enviar mensagens de texto, fazer chamadas de voz e vídeo, compartilhar mídia e participar de grupos.', 2);
INSERT INTO curso(nome, descricao, categoria) VALUES('Uso de Dispositivos Móveis', 'Familiarize-se com smartphones e tablets, aprendendo a configurar e personalizar o dispositivo, instalar aplicativos, enviar mensagens e realizar tarefas básicas.', 1);

INSERT INTO unidade(nome, descricao, curso) VALUES('Introdução ao Computador', 'Introdução ao Computador', 1);
INSERT INTO unidade(nome, descricao, curso) VALUES('Navegação na Internet', 'Navegação na Internet', 1);
INSERT INTO unidade(nome, descricao, curso) VALUES('Introdução às Redes Sociais', 'Introdução às Redes Sociais', 2);
INSERT INTO unidade(nome, descricao, curso) VALUES('Gestão de Perfil e Interações', 'Gestão de Perfil e Interações', 2);
INSERT INTO unidade(nome, descricao, curso) VALUES('Introdução aos Aplicativos de Mensagens', 'Introdução aos Aplicativos de Mensagens', 3);
INSERT INTO unidade(nome, descricao, curso) VALUES('Introdução às Ferramentas de Criação e Edição de Documentos', 'Introdução às Ferramentas de Criação e Edição de Documentos', 4);


INSERT INTO topico(nome, descricao, ordem, unidade) VALUES('Visão geral dos componentes do computador', 'Descricao', 1, 1);
INSERT INTO topico(nome, descricao, ordem, unidade) VALUES('Funcionamento básico do sistema operacional', 'Descricao', 2, 1);
INSERT INTO topico(nome, descricao, ordem, unidade) VALUES('Noções básicas de armazenamento de dados', 'Descricao', 1, 2);
INSERT INTO topico(nome, descricao, ordem, unidade) VALUES('Configuração e personalização do ambiente de trabalho', 'Descricao', 2, 2);
INSERT INTO topico(nome, descricao, ordem, unidade) VALUES('Utilização dos navegadores de internet', 'Descricao', 1, 3);
INSERT INTO topico(nome, descricao, ordem, unidade) VALUES('Gerenciamento de favoritos e histórico de navegação', 'Descricao', 1, 4);
INSERT INTO topico(nome, descricao, ordem, unidade) VALUES('Ferramentas de mensagens instantâneas: chat, videochamadas, grupos de conversação', 'Descricao', 1, 5);
INSERT INTO topico(nome, descricao, ordem, unidade) VALUES('Construção de um perfil atraente e autêntico','Descricao', 1, 6);

INSERT INTO conteudo(titulo, subtitulo, duracao, topico, tipo) VALUES('Conhecendo os principais componentes do computador:', 'uma visão geral completa', 11, 1, 'A');
INSERT INTO conteudo(titulo, subtitulo, duracao, topico, tipo) VALUES('O papel do sistema operacional:', 'uma visão geral de suas funções essenciais ', 10, 2, 'A');
INSERT INTO conteudo(titulo, subtitulo, duracao, topico, tipo) VALUES('Introdução ao armazenamento de dados:', 'conceitos fundamentais para iniciantes', 10, 3, 'A');
INSERT INTO conteudo(titulo, subtitulo, duracao, topico, tipo) VALUES('Guia completo para configuração e personalização do seu ambiente de trabalho', 'Preparando-se para a personalização', 10, 4, 'A');
INSERT INTO conteudo(titulo, subtitulo, duracao, topico, tipo) VALUES('Guia completo para a utilização dos navegadores de internet:', 'do básico ao avançado', 10, 5, 'A');
INSERT INTO conteudo(titulo, subtitulo, duracao, topico, tipo) VALUES('Guia completo para o gerenciamento de favoritos e histórico de navegação:', 'organize e acesse seus sites favoritos', 10, 6, 'A');
INSERT INTO conteudo(titulo, subtitulo, duracao, topico, tipo) VALUES('Mensagens instantâneas:', 'um mundo de possibilidades para comunicação online', 10, 7, 'A');
INSERT INTO conteudo(titulo, subtitulo, duracao, topico, tipo) VALUES('Explorando as bases do armazenamento de dados:', 'uma visão geral essencial', 10, 3, 'A');
INSERT INTO conteudo(titulo, subtitulo, duracao, topico, tipo) VALUES('Processos e threads:', 'entendendo como o sistema operacional gerencia a execução de programas', 10, 2, 'A');
INSERT INTO conteudo(titulo, subtitulo, duracao, topico, tipo) VALUES('Descubra os elementos essenciais do seu computador:', 'uma visão geral dos componentes', 10, 1, 'A');
INSERT INTO conteudo(titulo, subtitulo, duracao, topico, tipo) VALUES('Entendendo o coração do seu computador:', 'Ex de conhecimento sobre os principais componentes que compõem seu computador', 10, 1, 'E');
INSERT INTO conteudo(titulo, subtitulo, duracao, topico, tipo) VALUES('Inicialização e gerenciamento de recursos:', 'Ex prático para compreender como o sistema operacional inicia e aloca recursos', 10, 2, 'E');
INSERT INTO conteudo(titulo, subtitulo, duracao, topico, tipo) VALUES('Desvendando os segredos do armazenamento de dados:', 'princípios básicos explicados', 10, 3, 'E');
INSERT INTO conteudo(titulo, subtitulo, duracao, topico, tipo) VALUES('Passo a passo: como configurar e personalizar o ambiente de trabalho de forma eficiente', 'Ex de fixação', 10, 4, 'E');
INSERT INTO conteudo(titulo, subtitulo, duracao, topico, tipo) VALUES('Navegadores de internet:', 'Exercício prático para explorar e aproveitar ao máximo os navegadores de internet', 10, 5, 'E');
INSERT INTO conteudo(titulo, subtitulo, duracao, topico, tipo) VALUES('Acesse rapidamente suas páginas visitadas:', 'Teste seus conhecimentos praticos em navegação web', 10, 6, 'E');
INSERT INTO conteudo(titulo, subtitulo, duracao, topico, tipo) VALUES('Conecte-se em tempo real: ', 'Quiz sobre as vantagens das ferramentas de mensagens instantâneas', 10, 7, 'E');
INSERT INTO conteudo(titulo, subtitulo, duracao, topico, tipo) VALUES('Os pilares da tecnologia:', 'Ex: uma visão geral dos componentes de um computador', 10, 1, 'E');
INSERT INTO conteudo(titulo, subtitulo, duracao, topico, tipo) VALUES('Desvendando os segredos do seu PC:', 'Lista: um guia sobre os componentes do computador ', 10, 1, 'E');
INSERT INTO conteudo(titulo, subtitulo, duracao, topico, tipo) VALUES('Componentes do computador explicados:', 'Quiz de fixação', 10, 1, 'E');
INSERT INTO conteudo(titulo, subtitulo, duracao, topico, tipo) VALUES('Conhecendo a anatomia do computador:', 'uma análise dos principais componentes', 10, 1, 'V');
INSERT INTO conteudo(titulo, subtitulo, duracao, topico, tipo) VALUES('Interface do usuário:', ' interagindo com o sistema operacional de forma intuitiva', 10, 2, 'V');
INSERT INTO conteudo(titulo, subtitulo, duracao, topico, tipo) VALUES('Noções básicas de armazenamento de dados:', 'compreendendo os princípios essenciais', 10, 3, 'V');
INSERT INTO conteudo(titulo, subtitulo, duracao, topico, tipo) VALUES('Configurações essenciais do ambiente de trabalho:', 'otimize sua produtividade', 10, 4, 'V');
INSERT INTO conteudo(titulo, subtitulo, duracao, topico, tipo) VALUES('Acelere sua navegação', 'otimizando o desempenho dos navegadores de internet', 10, 5, 'V');
INSERT INTO conteudo(titulo, subtitulo, duracao, topico, tipo) VALUES('Dicas para uma navegação mais eficiente:', 'como utilizar o histórico de navegação de forma inteligente', 10, 6, 'V');
INSERT INTO conteudo(titulo, subtitulo, duracao, topico, tipo) VALUES('Facilite sua comunicação:', 'dicas para utilizar efetivamente as ferramentas de chat e videochamadas', 10, 7, 'V');
INSERT INTO conteudo(titulo, subtitulo, duracao, topico, tipo) VALUES('Entendendo como os dados são armazenados:', 'uma introdução ao armazenamento de informações', 10, 3, 'V');
INSERT INTO conteudo(titulo, subtitulo, duracao, topico, tipo) VALUES('Gerenciamento de arquivos e pastas:', 'organizando e acessando dados no sistema operacional', 10, 2, 'V');
INSERT INTO conteudo(titulo, subtitulo, duracao, topico, tipo) VALUES('Navegando pelos componentes internos do seu PC:', 'uma visão geral abrangente', 10, 1, 'V');

INSERT INTO artigo(id, corpo) VALUES (1, 'Conhecer os principais componentes do computador é fundamental para entender seu funcionamento. Processador, memória RAM, disco rígido e placa-mãe são essenciais. 
Outros incluem placa de vídeo, fonte de alimentação e periféricos. Ter uma visão completa é essencial.');
INSERT INTO artigo(id, corpo) VALUES (2, 'O sistema operacional é essencial. Gerencia recursos, executa tarefas, controla dispositivos, garante segurança.');
INSERT INTO artigo(id, corpo) VALUES (3, 'A introdução ao armazenamento de dados é crucial para iniciantes. Compreender conceitos fundamentais é essencial.');
INSERT INTO artigo(id, corpo) VALUES (4, 'Prepare-se para personalizar seu ambiente de trabalho com nosso guia completo. Dicas, organização, cores e produtividade em foco!');
INSERT INTO artigo(id, corpo) VALUES (5, 'Desvende os segredos dos navegadores de internet com nosso guia completo. Do básico ao avançado, explore todas as funcionalidades e aproveite ao máximo sua experiência de navegação.');
INSERT INTO artigo(id, corpo) VALUES (6, 'Organize e acesse seus favoritos com nosso guia completo. Gerencie seu histórico de navegação de forma eficiente e tenha seus sites favoritos sempre à mão.');
INSERT INTO artigo(id, corpo) VALUES (7, 'Explore um mundo de possibilidades com as mensagens instantâneas. Descubra como essas ferramentas revolucionaram a comunicação online.');
INSERT INTO artigo(id, corpo) VALUES (8, 'Explore as bases do armazenamento de dados com uma visão geral essencial. Compreenda os conceitos fundamentais dessa área fundamental da tecnologia.');
INSERT INTO artigo(id, corpo) VALUES (9, 'Entenda como o sistema operacional gerencia a execução de programas por meio de processos e threads. Explore esse aspecto crucial da computação moderna.');
INSERT INTO artigo(id, corpo) VALUES (10, 'Descubra os elementos essenciais do seu computador nesta visão geral dos componentes. Conheça os principais componentes que fazem seu computador funcionar.');

INSERT INTO video(id, url, descricao) VALUES (21, 'https://www.youtube.com/watch?v=JBgHIWgFHrg&ab_channel=redeclick', 'Aula 2 Anatomia do Computador');
INSERT INTO video(id, url, descricao) VALUES (22, 'https://www.youtube.com/watch?v=B0mebVqRF_0&ab_channel=WildBrainPortugu%C3%AAs', 'Pica Pau');
INSERT INTO video(id, url, descricao) VALUES (23, 'https://www.youtube.com/watch?v=bUSve8sI_6M&ab_channel=GaragemdoGecko-DesenhosAnimadosemPortugu%C3%AAs', 'Gecko');
INSERT INTO video(id, url, descricao) VALUES (24, 'https://www.youtube.com/watch?v=voHUy9X80nI&ab_channel=VeraeoReinodoArco-%C3%8Dris', 'Princesa Sereia Grizelda');
INSERT INTO video(id, url, descricao) VALUES (25, 'https://www.youtube.com/watch?v=dQw4w9WgXcQ', 'descricao');
INSERT INTO video(id, url, descricao) VALUES (26, 'https://www.youtube.com/watch?v=dQw4w9WgXcQ', 'descricao');
INSERT INTO video(id, url, descricao) VALUES (27, 'https://www.youtube.com/watch?v=dQw4w9WgXcQ', 'descricao');
INSERT INTO video(id, url, descricao) VALUES (28, 'https://www.youtube.com/watch?v=dQw4w9WgXcQ', 'descricao');
INSERT INTO video(id, url, descricao) VALUES (29, 'https://www.youtube.com/watch?v=dQw4w9WgXcQ', 'descricao');
INSERT INTO video(id, url, descricao) VALUES (30, 'https://www.youtube.com/watch?v=dQw4w9WgXcQ', 'descricao');


INSERT INTO exercicio(id, corpo, limite) VALUES (11, 'corpo', 4);
INSERT INTO exercicio(id, corpo, limite) VALUES (12, 'corpo', 4);
INSERT INTO exercicio(id, corpo, limite) VALUES (13, 'corpo', 4);
INSERT INTO exercicio(id, corpo, limite) VALUES (14, 'corpo', 4);
INSERT INTO exercicio(id, corpo, limite) VALUES (15, 'corpo', 4);
INSERT INTO exercicio(id, corpo, limite) VALUES (16, 'corpo', 4);
INSERT INTO exercicio(id, corpo, limite) VALUES (17, 'corpo', 4);
INSERT INTO exercicio(id, corpo, limite) VALUES (18, 'corpo', 4);
INSERT INTO exercicio(id, corpo, limite) VALUES (19, 'corpo', 4);
INSERT INTO exercicio(id, corpo, limite) VALUES (20, 'corpo', 4);


INSERT INTO alternativa(corpo, explicacao, correta, exercicio) VALUES ('corpo1', 'explicacao', false, 11);
INSERT INTO alternativa(corpo, explicacao, correta, exercicio) VALUES ('corpo2', 'explicacao', false, 11);
INSERT INTO alternativa(corpo, explicacao, correta, exercicio) VALUES ('corpo3', 'explicacao', true, 11);
INSERT INTO alternativa(corpo, explicacao, correta, exercicio) VALUES ('corpo4', 'explicacao', false, 11);
INSERT INTO alternativa(corpo, explicacao, correta, exercicio) VALUES ('corpo5', 'explicacao', true, 12);
INSERT INTO alternativa(corpo, explicacao, correta, exercicio) VALUES ('corpo6', 'explicacao', false, 12);
INSERT INTO alternativa(corpo, explicacao, correta, exercicio) VALUES ('corpo7', 'explicacao', false, 12);
INSERT INTO alternativa(corpo, explicacao, correta, exercicio) VALUES ('corpo8', 'explicacao', false, 12);
INSERT INTO alternativa(corpo, explicacao, correta, exercicio) VALUES ('corpo9', 'explicacao', false, 13);
INSERT INTO alternativa(corpo, explicacao, correta, exercicio) VALUES ('corpo10', 'explicacao', false, 13);
INSERT INTO alternativa(corpo, explicacao, correta, exercicio) VALUES ('corpo11', 'explicacao', false, 13);
INSERT INTO alternativa(corpo, explicacao, correta, exercicio) VALUES ('corpo12', 'explicacao', true, 13);
INSERT INTO alternativa(corpo, explicacao, correta, exercicio) VALUES ('corpo13', 'explicacao', false, 14);
INSERT INTO alternativa(corpo, explicacao, correta, exercicio) VALUES ('corpo14', 'explicacao', true, 14);
INSERT INTO alternativa(corpo, explicacao, correta, exercicio) VALUES ('corpo15', 'explicacao', false, 14);
INSERT INTO alternativa(corpo, explicacao, correta, exercicio) VALUES ('corpo16', 'explicacao', false, 14);
INSERT INTO alternativa(corpo, explicacao, correta, exercicio) VALUES ('corpo17', 'explicacao', false, 15);
INSERT INTO alternativa(corpo, explicacao, correta, exercicio) VALUES ('corpo18', 'explicacao', false, 15);
INSERT INTO alternativa(corpo, explicacao, correta, exercicio) VALUES ('corpo19', 'explicacao', true, 15);
INSERT INTO alternativa(corpo, explicacao, correta, exercicio) VALUES ('corpo20', 'explicacao', false, 15);
INSERT INTO alternativa(corpo, explicacao, correta, exercicio) VALUES ('corpo21', 'explicacao', true, 16);
INSERT INTO alternativa(corpo, explicacao, correta, exercicio) VALUES ('corpo22', 'explicacao', false, 16);
INSERT INTO alternativa(corpo, explicacao, correta, exercicio) VALUES ('corpo23', 'explicacao', false, 16);
INSERT INTO alternativa(corpo, explicacao, correta, exercicio) VALUES ('corpo24', 'explicacao', false, 16);
INSERT INTO alternativa(corpo, explicacao, correta, exercicio) VALUES ('corpo25', 'explicacao', false, 17);
INSERT INTO alternativa(corpo, explicacao, correta, exercicio) VALUES ('corpo26', 'explicacao', false, 17);
INSERT INTO alternativa(corpo, explicacao, correta, exercicio) VALUES ('corpo27', 'explicacao', true, 17);
INSERT INTO alternativa(corpo, explicacao, correta, exercicio) VALUES ('corpo28', 'explicacao', false, 17);
INSERT INTO alternativa(corpo, explicacao, correta, exercicio) VALUES ('corpo29', 'explicacao', true, 18);
INSERT INTO alternativa(corpo, explicacao, correta, exercicio) VALUES ('corpo30', 'explicacao', false, 18);
INSERT INTO alternativa(corpo, explicacao, correta, exercicio) VALUES ('corpo31', 'explicacao', false, 18);
INSERT INTO alternativa(corpo, explicacao, correta, exercicio) VALUES ('corpo32', 'explicacao', false, 18);
INSERT INTO alternativa(corpo, explicacao, correta, exercicio) VALUES ('corpo33', 'explicacao', false, 19);
INSERT INTO alternativa(corpo, explicacao, correta, exercicio) VALUES ('corpo34', 'explicacao', false, 19);
INSERT INTO alternativa(corpo, explicacao, correta, exercicio) VALUES ('corpo35', 'explicacao', false, 19);
INSERT INTO alternativa(corpo, explicacao, correta, exercicio) VALUES ('corpo36', 'explicacao', true, 19);
INSERT INTO alternativa(corpo, explicacao, correta, exercicio) VALUES ('corpo37', 'explicacao', true, 20);
INSERT INTO alternativa(corpo, explicacao, correta, exercicio) VALUES ('corpo38', 'explicacao', false, 20);
INSERT INTO alternativa(corpo, explicacao, correta, exercicio) VALUES ('corpo39', 'explicacao', false, 20);
INSERT INTO alternativa(corpo, explicacao, correta, exercicio) VALUES ('corpo40', 'explicacao', false, 20);


INSERT INTO comentario(autor, conteudo, horario, corpo, visivel, responde) VALUES ('mariana789', 2, '2022-06-06 14:30:00', 'comentario1', true, NULL);
INSERT INTO comentario(autor, conteudo, horario, corpo, visivel, responde) VALUES ('mariana789', 3, '2022-04-27 15:00:00', 'comentario2', true, NULL);
INSERT INTO comentario(autor, conteudo, horario, corpo, visivel, responde) VALUES ('gustavo456', 22, '2022-06-09 19:20:00', 'comentario3', true, NULL);
INSERT INTO comentario(autor, conteudo, horario, corpo, visivel, responde) VALUES ('gustavo456', 22, '2022-06-09 19:21:00', 'comentario4', true, 3);
INSERT INTO comentario(autor, conteudo, horario, corpo, visivel, responde) VALUES ('gustavo456', 22, '2022-06-09 19:22:00', 'comentario5', true, 3);
INSERT INTO comentario(autor, conteudo, horario, corpo, visivel, responde) VALUES ('gustavo456', 2, '2022-06-09 19:23:00', 'comentario6', true, 1);
INSERT INTO comentario(autor, conteudo, horario, corpo, visivel, responde) VALUES ('gustavo456', 16, '2022-06-09 19:24:00', 'comentario7', true, NULL);
INSERT INTO comentario(autor, conteudo, horario, corpo, visivel, responde) VALUES ('ana321', 16, '2022-06-09 19:24:00', 'comentario8', true, NULL);

INSERT INTO report(reporter, comentario, horario, motivo, verificado) VALUES('felipe123', 3, '2022-06-15 09:00:00', 'Spoiler', false);
INSERT INTO report(reporter, comentario, horario, motivo, verificado) VALUES('felipe123', 4, '2022-06-15 09:02:00', 'Spam', true);
INSERT INTO report(reporter, comentario, horario, motivo, verificado) VALUES('rafael789', 6, '2022-08-30 09:00:00', 'Spam', true);
INSERT INTO report(reporter, comentario, horario, motivo, verificado) VALUES('rafael789', 7, '2022-08-30 09:00:00', 'Spam', false);
INSERT INTO report(reporter, comentario, horario, motivo, verificado) VALUES('rafael789', 8, '2022-08-30 09:00:00', 'Spam', false);


/*Exercicios do pessoal nao banido*/
/*Exercicio do ricardo*/
INSERT INTO eventoprogresso(usuario, conteudo, horario) VALUES('ricardo789', 1, '2022-05-01 23:30:00');
INSERT INTO eventoprogresso(usuario, conteudo, horario) VALUES('ricardo789', 2, '2022-05-01 23:40:00');
INSERT INTO eventoprogresso(usuario, conteudo, horario) VALUES('ricardo789', 21, '2022-05-01 23:50:00');
INSERT INTO eventoprogresso(usuario, conteudo, horario) VALUES('ricardo789', 23, '2022-05-02 00:30:00');
INSERT INTO eventoprogresso(usuario, conteudo, horario) VALUES('ricardo789', 11, '2022-05-02 00:30:00');
INSERT INTO eventoprogresso(usuario, conteudo, horario) VALUES('ricardo789', 12, '2022-05-02 00:30:00');
INSERT INTO eventoprogresso(usuario, conteudo, horario) VALUES('ricardo789', 13, '2022-05-02 00:30:00');
INSERT INTO eventoprogresso(usuario, conteudo, horario) VALUES('ricardo789', 14, '2022-05-02 00:30:00');


/*Exercicio da julia*/
INSERT INTO eventoprogresso(usuario, conteudo, horario) VALUES('julia456', 11, '2022-05-01 23:30:00');
INSERT INTO eventoprogresso(usuario, conteudo, horario) VALUES('julia456', 12, '2022-05-01 23:30:00');
INSERT INTO eventoprogresso(usuario, conteudo, horario) VALUES('julia456', 13, '2022-05-01 23:40:00');
INSERT INTO eventoprogresso(usuario, conteudo, horario) VALUES('julia456', 14, '2022-05-01 23:50:00');
INSERT INTO eventoprogresso(usuario, conteudo, horario) VALUES('julia456', 15, '2022-05-02 01:00:00');


/*Exercicio da patricia*/
INSERT INTO eventoprogresso(usuario, conteudo, horario) VALUES('patricia321', 11, '2022-05-02 01:00:00');
INSERT INTO eventoprogresso(usuario, conteudo, horario) VALUES('patricia321', 12, '2022-05-02 01:10:00');
INSERT INTO eventoprogresso(usuario, conteudo, horario) VALUES('patricia321', 13, '2022-05-02 01:20:00');



/*Exercicio do pessoal banido*/
INSERT INTO eventoprogresso(usuario, conteudo, horario) VALUES('paulo987', 11, '2022-05-02 01:20:00');
INSERT INTO eventoprogresso(usuario, conteudo, horario) VALUES('paulo987', 12, '2022-05-02 01:30:00');
INSERT INTO eventoprogresso(usuario, conteudo, horario) VALUES('paulo987', 13, '2022-05-02 01:40:00');

INSERT INTO eventoprogresso(usuario, conteudo, horario) VALUES('joao123', 7, '2022-05-02 01:40:00');
INSERT INTO eventoprogresso(usuario, conteudo, horario) VALUES('joao123', 8, '2022-05-02 01:40:00');
INSERT INTO eventoprogresso(usuario, conteudo, horario) VALUES('joao123', 3, '2022-05-02 01:40:00');
INSERT INTO eventoprogresso(usuario, conteudo, horario) VALUES('joao123', 4, '2022-05-02 01:40:00');
INSERT INTO eventoprogresso(usuario, conteudo, horario) VALUES('joao123', 5, '2022-05-02 01:40:00');

INSERT INTO eventoprogresso(usuario, conteudo, horario) VALUES('luiz123', 6, '2022-05-02 01:40:00');
INSERT INTO eventoprogresso(usuario, conteudo, horario) VALUES('luiz123', 7, '2022-05-02 01:40:00');
INSERT INTO eventoprogresso(usuario, conteudo, horario) VALUES('luiz123', 8, '2022-05-02 01:40:00');

INSERT INTO eventoprogresso(usuario, conteudo, horario) VALUES('maria456', 1, '2022-05-02 01:40:00');
INSERT INTO eventoprogresso(usuario, conteudo, horario) VALUES('maria456', 2, '2022-05-02 01:40:00');
INSERT INTO eventoprogresso(usuario, conteudo, horario) VALUES('maria456', 7, '2022-05-02 01:40:00');



/*Alternativas do ricardo*/
INSERT INTO selecaoeventoprogresso(evento, alternativa) VALUES(5, 3);
INSERT INTO selecaoeventoprogresso(evento, alternativa) VALUES(6, 5);
INSERT INTO selecaoeventoprogresso(evento, alternativa) VALUES(7, 11);
INSERT INTO selecaoeventoprogresso(evento, alternativa) VALUES(8, 17);

/*Alternativas da julia*/
INSERT INTO selecaoeventoprogresso(evento, alternativa) VALUES(9, 3);
INSERT INTO selecaoeventoprogresso(evento, alternativa) VALUES(10, 5);
INSERT INTO selecaoeventoprogresso(evento, alternativa) VALUES(11, 12);
INSERT INTO selecaoeventoprogresso(evento, alternativa) VALUES(12, 14);
INSERT INTO selecaoeventoprogresso(evento, alternativa) VALUES(13, 19);

/*Alternativas da patricia*/
INSERT INTO selecaoeventoprogresso(evento, alternativa) VALUES(14, 3);
INSERT INTO selecaoeventoprogresso(evento, alternativa) VALUES(15, 6);
INSERT INTO selecaoeventoprogresso(evento, alternativa) VALUES(16, 9);

/*Alternativas do paulo*/
INSERT INTO selecaoeventoprogresso(evento, alternativa) VALUES(17, 3);
INSERT INTO selecaoeventoprogresso(evento, alternativa) VALUES(18, 5);
INSERT INTO selecaoeventoprogresso(evento, alternativa) VALUES(19, 9);

